term,coef,se,ci_low,ci_high,spec
p_score_mean,-0.003250083958619022,0.0028708674200054415,-0.008497765940509302,0.0024382511535364208,TWFE / region-WCB
stringency_mean,0.0032547013265222034,0.006188737703883205,-0.009112818337585546,0.014900071891371932,TWFE / region-WCB
