n,excluded,pearson_r,p_value
37,TUR,-0.5120637585105678,0.0011961845060910433
